{"mean":{"confidence_interval":{"confidence_level":0.95,"lower_bound":11158473.12505,"upper_bound":11203699.294899995},"point_estimate":11176156.608000003,"standard_error":11989.673968417765},"median":{"confidence_interval":{"confidence_level":0.95,"lower_bound":11156238.0,"upper_bound":11172316.8},"point_estimate":11164697.600000001,"standard_error":4642.038052111051},"median_abs_dev":{"confidence_interval":{"confidence_level":0.95,"lower_bound":22874.597626894454,"upper_bound":42496.94912552806},"point_estimate":33111.05347216074,"standard_error":5065.451182006467},"slope":null,"std_dev":{"confidence_interval":{"confidence_level":0.95,"lower_bound":35583.546908227225,"upper_bound":199176.67191783394},"point_estimate":120845.14436619116,"standard_error":54394.469827517605}}