{"mean":{"confidence_interval":{"confidence_level":0.95,"lower_bound":30118514.083375,"upper_bound":30123991.135125},"point_estimate":30121127.97,"standard_error":1401.081830151875},"median":{"confidence_interval":{"confidence_level":0.95,"lower_bound":30115424.5,"upper_bound":30120405.0},"point_estimate":30117950.75,"standard_error":1354.3226649830508},"median_abs_dev":{"confidence_interval":{"confidence_level":0.95,"lower_bound":7619.8225647211075,"upper_bound":12725.896874070168},"point_estimate":9980.86302280426,"standard_error":1204.1968418249712},"slope":null,"std_dev":{"confidence_interval":{"confidence_level":0.95,"lower_bound":10612.609543014507,"upper_bound":17567.2271164732},"point_estimate":14071.345434695477,"standard_error":1804.3932040961763}}