{"mean":{"confidence_interval":{"confidence_level":0.95,"lower_bound":0.0024849443943445793,"upper_bound":0.017667300015503012},"point_estimate":0.010630516030978976,"standard_error":0.003894223015494974},"median":{"confidence_interval":{"confidence_level":0.95,"lower_bound":0.016406328253022906,"upper_bound":0.020304801255601967},"point_estimate":0.018442690477126877,"standard_error":0.0009493980047720888}}