{"mean":{"confidence_interval":{"confidence_level":0.95,"lower_bound":6120.930031768357,"upper_bound":6195.433296525984},"point_estimate":6155.801907768952,"standard_error":19.055440094544252},"median":{"confidence_interval":{"confidence_level":0.95,"lower_bound":6066.004421052631,"upper_bound":6129.566966292135},"point_estimate":6105.70654040404,"standard_error":15.333776936248972},"median_abs_dev":{"confidence_interval":{"confidence_level":0.95,"lower_bound":80.33348983305497,"upper_bound":146.12925104812783},"point_estimate":112.10558591052695,"standard_error":17.262900811333605},"slope":{"confidence_interval":{"confidence_level":0.95,"lower_bound":6139.623531971761,"upper_bound":6229.86666915934},"point_estimate":6183.759678045417,"standard_error":23.0144618632597},"std_dev":{"confidence_interval":{"confidence_level":0.95,"lower_bound":129.7328437979309,"upper_bound":245.54123939380466},"point_estimate":191.83497945266296,"standard_error":29.41996973850803}}