{"mean":{"confidence_interval":{"confidence_level":0.95,"lower_bound":242637.80503150512,"upper_bound":242737.42296114616},"point_estimate":242688.71231572673,"standard_error":25.343611491484122},"median":{"confidence_interval":{"confidence_level":0.95,"lower_bound":242681.60294117648,"upper_bound":242748.0305273236},"point_estimate":242714.41011904762,"standard_error":16.743848952508984},"median_abs_dev":{"confidence_interval":{"confidence_level":0.95,"lower_bound":131.710294097029,"upper_bound":251.5871882870292},"point_estimate":193.55880830228529,"standard_error":31.109520096954185},"slope":{"confidence_interval":{"confidence_level":0.95,"lower_bound":242683.838727695,"upper_bound":242765.90070191908},"point_estimate":242726.2459361608,"standard_error":21.017241132340214},"std_dev":{"confidence_interval":{"confidence_level":0.95,"lower_bound":205.72275223587303,"upper_bound":298.5345061545927},"point_estimate":254.59820855690919,"standard_error":23.712243602380415}}