{"mean":{"confidence_interval":{"confidence_level":0.95,"lower_bound":-0.0021259128741073297,"upper_bound":0.003517530201767813},"point_estimate":0.000708313897770374,"standard_error":0.0014354029475756988},"median":{"confidence_interval":{"confidence_level":0.95,"lower_bound":-0.0014709524962612797,"upper_bound":0.0036042308541091137},"point_estimate":0.0008911604540260409,"standard_error":0.0011951030040207571}}