{"mean":{"confidence_interval":{"confidence_level":0.95,"lower_bound":6092.640149032862,"upper_bound":6098.982339973561},"point_estimate":6095.829471542491,"standard_error":1.6154630646224775},"median":{"confidence_interval":{"confidence_level":0.95,"lower_bound":6092.640052910053,"upper_bound":6102.895555555556},"point_estimate":6095.507452380953,"standard_error":2.7048026880993867},"median_abs_dev":{"confidence_interval":{"confidence_level":0.95,"lower_bound":12.761024622327184,"upper_bound":21.037887709835978},"point_estimate":16.595726340217386,"standard_error":2.0212350852194327},"slope":{"confidence_interval":{"confidence_level":0.95,"lower_bound":6095.0184196642585,"upper_bound":6102.249459260786},"point_estimate":6098.63831846707,"standard_error":1.848633281130626},"std_dev":{"confidence_interval":{"confidence_level":0.95,"lower_bound":14.281505334105477,"upper_bound":17.849242178928748},"point_estimate":16.187208632874107,"standard_error":0.9109195013325082}}