{"mean":{"confidence_interval":{"confidence_level":0.95,"lower_bound":16684514.436583336,"upper_bound":16714419.159583328},"point_estimate":16699083.776666664,"standard_error":7639.672100694115},"median":{"confidence_interval":{"confidence_level":0.95,"lower_bound":16676636.333333334,"upper_bound":16695499.333333334},"point_estimate":16686791.5,"standard_error":5312.950849296264},"median_abs_dev":{"confidence_interval":{"confidence_level":0.95,"lower_bound":43568.91832649662,"upper_bound":75904.42375242802},"point_estimate":56211.789602040786,"standard_error":8237.683502070242},"slope":null,"std_dev":{"confidence_interval":{"confidence_level":0.95,"lower_bound":61446.5757632152,"upper_bound":92242.41289875942},"point_estimate":77217.57973534394,"standard_error":7886.304721826449}}