{"mean":{"confidence_interval":{"confidence_level":0.95,"lower_bound":-0.0012032376470794935,"upper_bound":0.0030568074206075934},"point_estimate":0.000490390394410456,"standard_error":0.0010658500781504782},"median":{"confidence_interval":{"confidence_level":0.95,"lower_bound":-0.0005551538193135919,"upper_bound":0.0004924941902124669},"point_estimate":-0.0000341844896689647,"standard_error":0.0002636202216268309}}