{"mean":{"confidence_interval":{"confidence_level":0.95,"lower_bound":-0.016286918889577753,"upper_bound":-0.0059592680249924285},"point_estimate":-0.010449936442040175,"standard_error":0.002673742373971337},"median":{"confidence_interval":{"confidence_level":0.95,"lower_bound":-0.006143101670258,"upper_bound":-0.0038306696327274903},"point_estimate":-0.005401179337476636,"standard_error":0.0007043400235579685}}