{"mean":{"confidence_interval":{"confidence_level":0.95,"lower_bound":-0.0021734265564900103,"upper_bound":-0.0006835083486765659},"point_estimate":-0.0013805184709085871,"standard_error":0.00038108510836143227},"median":{"confidence_interval":{"confidence_level":0.95,"lower_bound":-0.002100620566939604,"upper_bound":-0.00018545987031792777},"point_estimate":-0.0014811696218516301,"standard_error":0.0005041159517627735}}