{"mean":{"confidence_interval":{"confidence_level":0.95,"lower_bound":-0.00022910262644172663,"upper_bound":0.002032297474546218},"point_estimate":0.0005966541793160918,"standard_error":0.0005898068769211904},"median":{"confidence_interval":{"confidence_level":0.95,"lower_bound":-0.00012529402111804977,"upper_bound":0.00018836486433571054},"point_estimate":0.00006134412598246541,"standard_error":0.00007850296748518382}}