{"mean":{"confidence_interval":{"confidence_level":0.95,"lower_bound":0.016750311386516722,"upper_bound":0.02936992841674413},"point_estimate":0.02308854009204664,"standard_error":0.0032366403311581316},"median":{"confidence_interval":{"confidence_level":0.95,"lower_bound":0.00997839144423307,"upper_bound":0.020545978736244308},"point_estimate":0.016829025103679562,"standard_error":0.0026154526778929144}}