{"mean":{"confidence_interval":{"confidence_level":0.95,"lower_bound":30128626.554,"upper_bound":30192532.761375003},"point_estimate":30152403.795,"standard_error":17182.77334635853},"median":{"confidence_interval":{"confidence_level":0.95,"lower_bound":30124978.75,"upper_bound":30128826.0},"point_estimate":30126981.75,"standard_error":923.7925986590096},"median_abs_dev":{"confidence_interval":{"confidence_level":0.95,"lower_bound":6994.165375828743,"upper_bound":14439.782443642616},"point_estimate":11308.531299233437,"standard_error":1941.0536077262823},"slope":null,"std_dev":{"confidence_interval":{"confidence_level":0.95,"lower_bound":13930.972009902318,"upper_bound":288278.2346539108},"point_estimate":172848.35234984462,"standard_error":82793.59724889552}}