{"mean":{"confidence_interval":{"confidence_level":0.95,"lower_bound":-0.048543059763677475,"upper_bound":-0.01767461726813349},"point_estimate":-0.03276665614118712,"standard_error":0.007903792748176564},"median":{"confidence_interval":{"confidence_level":0.95,"lower_bound":0.00007822645427713049,"upper_bound":0.022134432653998948},"point_estimate":0.014235604220421472,"standard_error":0.006213271826892791}}