{"mean":{"confidence_interval":{"confidence_level":0.95,"lower_bound":-0.009500375547940492,"upper_bound":-0.0029031060699182872},"point_estimate":-0.006237815795844037,"standard_error":0.0016708941523875089},"median":{"confidence_interval":{"confidence_level":0.95,"lower_bound":-0.003534332185126998,"upper_bound":0.0003838540183123129},"point_estimate":-0.000923506358978643,"standard_error":0.0009823799651698679}}