{"mean":{"confidence_interval":{"confidence_level":0.95,"lower_bound":-0.003502799702162631,"upper_bound":0.0011358327423161606},"point_estimate":-0.0007811639312144125,"standard_error":0.001214863282724876},"median":{"confidence_interval":{"confidence_level":0.95,"lower_bound":-0.0002914580984763049,"upper_bound":0.0005715226568840936},"point_estimate":0.0001324719411697206,"standard_error":0.00022084620449871738}}