{"mean":{"confidence_interval":{"confidence_level":0.95,"lower_bound":19153840.27666666,"upper_bound":19165017.73375},"point_estimate":19158477.759999998,"standard_error":2914.0391522475925},"median":{"confidence_interval":{"confidence_level":0.95,"lower_bound":19150287.666666668,"upper_bound":19152643.333333332},"point_estimate":19151827.0,"standard_error":528.7627220255295},"median_abs_dev":{"confidence_interval":{"confidence_level":0.95,"lower_bound":3992.1475291215315,"upper_bound":6348.740187283649},"point_estimate":5181.1927080145215,"standard_error":608.105579372652},"slope":null,"std_dev":{"confidence_interval":{"confidence_level":0.95,"lower_bound":11459.482474455672,"upper_bound":46173.527902400434},"point_estimate":29233.70274962797,"standard_error":10808.541497379161}}