{"mean":{"confidence_interval":{"confidence_level":0.95,"lower_bound":11556219.759200001,"upper_bound":11695932.510599999},"point_estimate":11624588.178,"standard_error":35661.80488797101},"median":{"confidence_interval":{"confidence_level":0.95,"lower_bound":11465384.6,"upper_bound":11646497.2},"point_estimate":11570217.2,"standard_error":47080.387029721256},"median_abs_dev":{"confidence_interval":{"confidence_level":0.95,"lower_bound":267772.08472609357,"upper_bound":453431.3780779846},"point_estimate":368776.7283529029,"standard_error":47021.17036892675},"slope":null,"std_dev":{"confidence_interval":{"confidence_level":0.95,"lower_bound":301336.3066148299,"upper_bound":414477.7808683335},"point_estimate":358643.01965984167,"standard_error":28923.584507816184}}