{"mean":{"confidence_interval":{"confidence_level":0.95,"lower_bound":150.84034942815723,"upper_bound":151.09427187323917},"point_estimate":150.96264771934548,"standard_error":0.06420782171593727},"median":{"confidence_interval":{"confidence_level":0.95,"lower_bound":150.73119607424377,"upper_bound":150.90743912405952},"point_estimate":150.80389754320856,"standard_error":0.04477344572101883},"median_abs_dev":{"confidence_interval":{"confidence_level":0.95,"lower_bound":0.29099018010805694,"upper_bound":0.5002991016333415},"point_estimate":0.3914734200104472,"standard_error":0.052540108167235054},"slope":{"confidence_interval":{"confidence_level":0.95,"lower_bound":150.62379178819023,"upper_bound":150.72240326694615},"point_estimate":150.6705748738925,"standard_error":0.025072020257347997},"std_dev":{"confidence_interval":{"confidence_level":0.95,"lower_bound":0.49286219847954943,"upper_bound":0.7794012959048584},"point_estimate":0.6472657008892778,"standard_error":0.07347531294047097}}