{"mean":{"confidence_interval":{"confidence_level":0.95,"lower_bound":0.00035698651631892484,"upper_bound":0.01761014101452469},"point_estimate":0.009411700918666499,"standard_error":0.004407936069074772},"median":{"confidence_interval":{"confidence_level":0.95,"lower_bound":0.01957568605863136,"upper_bound":0.027054887605296174},"point_estimate":0.022534880701000404,"standard_error":0.0019583958708525363}}