{"mean":{"confidence_interval":{"confidence_level":0.95,"lower_bound":0.008875622612663548,"upper_bound":0.026150030422856012},"point_estimate":0.01649294242178967,"standard_error":0.004307967711525443},"median":{"confidence_interval":{"confidence_level":0.95,"lower_bound":0.000915056435464745,"upper_bound":0.005228392758096945},"point_estimate":0.00199570828491491,"standard_error":0.0010815722044970081}}