{"mean":{"confidence_interval":{"confidence_level":0.95,"lower_bound":161.2919377675389,"upper_bound":161.520097546705},"point_estimate":161.40782825212182,"standard_error":0.058223267575178185},"median":{"confidence_interval":{"confidence_level":0.95,"lower_bound":161.31982160119517,"upper_bound":161.56280502280788},"point_estimate":161.44647337069824,"standard_error":0.0520801050337761},"median_abs_dev":{"confidence_interval":{"confidence_level":0.95,"lower_bound":0.34056005254097294,"upper_bound":0.5564043965634029},"point_estimate":0.43350947234894377,"standard_error":0.055693634874760777},"slope":{"confidence_interval":{"confidence_level":0.95,"lower_bound":161.41578437988085,"upper_bound":161.62724794067938},"point_estimate":161.51960451207222,"standard_error":0.053879364009627194},"std_dev":{"confidence_interval":{"confidence_level":0.95,"lower_bound":0.44830397611544776,"upper_bound":0.717211269758816},"point_estimate":0.5865667638837692,"standard_error":0.06904535149709463}}