{"mean":{"confidence_interval":{"confidence_level":0.95,"lower_bound":-0.010930747886420058,"upper_bound":-0.003925081884426145},"point_estimate":-0.007590317273371561,"standard_error":0.0017836794769346305},"median":{"confidence_interval":{"confidence_level":0.95,"lower_bound":-0.010246165100662563,"upper_bound":-0.007570932658802709},"point_estimate":-0.009245209121443998,"standard_error":0.0007581546383868174}}