{"mean":{"confidence_interval":{"confidence_level":0.95,"lower_bound":-0.0012988244959237782,"upper_bound":0.0016916383921232736},"point_estimate":0.00024246311412112753,"standard_error":0.0007505231822765803},"median":{"confidence_interval":{"confidence_level":0.95,"lower_bound":-0.0010931572928948308,"upper_bound":0.0012078550296954482},"point_estimate":0.0002584886512686513,"standard_error":0.0005858263063037361}}