{"mean":{"confidence_interval":{"confidence_level":0.95,"lower_bound":0.10808522049071591,"upper_bound":0.12705109817872406},"point_estimate":0.11633203634201617,"standard_error":0.004810033406309812},"median":{"confidence_interval":{"confidence_level":0.95,"lower_bound":0.1003789775850803,"upper_bound":0.11964870597276356},"point_estimate":0.10505964648226396,"standard_error":0.005605101078283215}}