{"mean":{"confidence_interval":{"confidence_level":0.95,"lower_bound":-0.005780775189476534,"upper_bound":0.0002522883393110628},"point_estimate":-0.0023997785370124536,"standard_error":0.0015553270489475834},"median":{"confidence_interval":{"confidence_level":0.95,"lower_bound":-0.0009322927611558063,"upper_bound":0.0017510142156180741},"point_estimate":0.000605589765710679,"standard_error":0.0006482325938029096}}